AÃ±o,Mes,Dia,ID_Vuelo,ID_Aeropuerto_O,Hora_SalidaR,Latitud,Longitud
2018,9,14,24426535,MHT,0,42.934516,-71.437056
2018,9,15,24426850,ILM,0,34.270611,-77.902556
2018,9,15,24426851,LGA,0,40.777243,-73.872609
2018,9,15,24426855,LGA,0,40.777243,-73.872609
2018,9,15,24427199,MHT,0,42.934516,-71.437056
2018,9,15,24427215,PGV,0,35.635239,-77.38532
2018,9,15,24427245,PGV,0,35.635239,-77.38532
2018,9,15,24427247,TLH,0,30.396528,-84.350333
2018,9,15,24427281,MSN,0,43.139858,-89.337514
2018,9,15,24427311,TLH,0,30.396528,-84.350333
2018,9,15,24427343,PNS,0,30.473306,-87.187444
2018,9,15,24427380,PNS,0,30.473306,-87.187444
2018,9,15,24427382,ILM,0,34.270611,-77.902556
2018,9,15,24427417,EWN,0,35.072972,-77.042944
2018,9,15,24427420,OAJ,0,34.829164,-77.612138
2018,9,15,24427455,ILM,0,34.270611,-77.902556
2018,9,15,24427478,PNS,0,30.473306,-87.187444
2018,9,15,24427498,LIT,0,34.729396,-92.224246
2018,9,15,24427532,ILM,0,34.270611,-77.902556
2018,9,15,24428631,HOU,0,29.645419,-95.278889
2018,9,15,24428632,HOU,0,29.645419,-95.278889
2018,9,15,24430518,ILM,0,34.270611,-77.902556
2018,9,15,24430580,ILM,0,34.270611,-77.902556
2018,9,15,24430585,ILM,0,34.270611,-77.902556
2018,9,15,24430599,LGA,0,40.777243,-73.872609
2018,9,15,24430637,ILM,0,34.270611,-77.902556
2018,9,15,24431225,ILM,0,34.270611,-77.902556
2018,9,15,24432779,EYW,0,24.556111,-81.759556
2018,9,15,24433523,ILM,0,34.270611,-77.902556
2018,9,15,24434646,LGA,0,40.777243,-73.872609
2018,9,15,24434684,LGA,0,40.777243,-73.872609
2018,9,15,24437293,ILM,0,34.270611,-77.902556
2018,9,15,24440055,LGA,0,40.777243,-73.872609
2018,9,15,24440104,LGA,0,40.777243,-73.872609
2018,9,15,24440271,ILM,0,34.270611,-77.902556
2018,9,15,24440358,LGA,0,40.777243,-73.872609
2018,9,15,24440564,LGA,0,40.777243,-73.872609
2018,9,15,24440694,OAJ,0,34.829164,-77.612138
2018,9,15,24440745,MHT,0,42.934516,-71.437056
2018,9,15,24440752,PNS,0,30.473306,-87.187444
2018,9,15,24440816,PGV,0,35.635239,-77.38532
2018,9,15,24440831,OAJ,0,34.829164,-77.612138
2018,9,15,24440857,OAJ,0,34.829164,-77.612138
2018,9,15,24440877,OAJ,0,34.829164,-77.612138
2018,9,15,24440888,ILM,0,34.270611,-77.902556
2018,9,15,24440902,EWN,0,35.072972,-77.042944
2018,9,15,24440915,ILM,0,34.270611,-77.902556
2018,9,15,24440931,EWN,0,35.072972,-77.042944
2018,9,15,24440934,EWN,0,35.072972,-77.042944
2018,9,15,24441390,OAJ,0,34.829164,-77.612138
2018,9,15,24441482,EWN,0,35.072972,-77.042944
2018,9,15,24441598,EWN,0,35.072972,-77.042944
2018,9,15,24441785,LGA,0,40.777243,-73.872609
2018,9,15,24442670,OAJ,0,34.829164,-77.612138
2018,9,15,24442715,ILM,0,34.270611,-77.902556
2018,9,15,24442842,ILM,0,34.270611,-77.902556
2018,9,16,24443214,LGA,0,40.777243,-73.872609
2018,9,16,24451106,LGA,0,40.777243,-73.872609
2018,9,16,24451418,LGA,0,40.777243,-73.872609
2018,9,16,24451747,SAV,0,32.127583,-81.202139
2018,9,16,24451762,OAJ,0,34.829164,-77.612138
2018,9,16,24451798,SAV,0,32.127583,-81.202139
2018,9,16,24451808,TLH,0,30.396528,-84.350333
2018,9,16,24451817,LIT,0,34.729396,-92.224246
2018,9,16,24451866,PGV,0,35.635239,-77.38532
2018,9,16,24451911,PGV,0,35.635239,-77.38532
2018,9,16,24451933,OAJ,0,34.829164,-77.612138
2018,9,16,24451970,OAJ,0,34.829164,-77.612138
2018,9,16,24451992,OAJ,0,34.829164,-77.612138
2018,9,16,24452194,OAJ,0,34.829164,-77.612138
2018,9,16,24453642,OAJ,0,34.829164,-77.612138
2018,9,16,24455310,HOU,0,29.645419,-95.278889
2018,9,16,24460670,LGA,0,40.777243,-73.872609
2018,9,16,24461035,VPS,0,30.48325,-86.5254
2018,9,16,24461036,MSN,0,43.139858,-89.337514
2018,9,16,24461061,PGV,0,35.635239,-77.38532
2018,9,16,24461092,PGV,0,35.635239,-77.38532
2018,9,16,24461109,SAV,0,32.127583,-81.202139
2018,9,16,24461119,LIT,0,34.729396,-92.224246
2018,9,16,24461248,SAV,0,32.127583,-81.202139
2018,9,16,24461260,PNS,0,30.473306,-87.187444
2018,9,16,24461296,BTR,0,30.533161,-91.149634
2018,9,16,24461333,LIT,0,34.729396,-92.224246
2018,9,16,24462024,LGA,0,40.777243,-73.872609
2018,9,17,24463325,ILM,0,34.270611,-77.902556
2018,9,17,24463326,LGA,0,40.777243,-73.872609
2018,9,17,24463517,ILM,0,34.270611,-77.902556
2018,9,17,24463518,LGA,0,40.777243,-73.872609
2018,9,17,24463920,PGV,0,35.635239,-77.38532
2018,9,17,24463951,PGV,0,35.635239,-77.38532
2018,9,17,24464114,ILM,0,34.270611,-77.902556
2018,9,17,24464170,OAJ,0,34.829164,-77.612138
2018,9,17,24464214,ILM,0,34.270611,-77.902556
2018,9,17,24464797,LGA,0,40.777243,-73.872609
2018,9,17,24466269,ILM,0,34.270611,-77.902556
2018,9,17,24466351,ILM,0,34.270611,-77.902556
2018,9,17,24466359,ILM,0,34.270611,-77.902556
2018,9,17,24466423,ILM,0,34.270611,-77.902556
2018,9,17,24467103,ILM,0,34.270611,-77.902556
2018,9,17,24477219,ILM,0,34.270611,-77.902556
2018,9,17,24482133,LGA,0,40.777243,-73.872609
2018,9,17,24482362,ILM,0,34.270611,-77.902556
2018,9,17,24482819,OAJ,0,34.829164,-77.612138
2018,9,17,24482930,PGV,0,35.635239,-77.38532
2018,9,17,24482977,PGV,0,35.635239,-77.38532
2018,9,17,24482998,OAJ,0,34.829164,-77.612138
2018,9,17,24483033,OAJ,0,34.829164,-77.612138
2018,9,17,24483039,ILM,0,34.270611,-77.902556
2018,9,17,24483061,OAJ,0,34.829164,-77.612138
2018,9,17,24483072,ILM,0,34.270611,-77.902556
2018,9,17,24483105,ILM,0,34.270611,-77.902556
2018,9,18,24484841,LGA,0,40.777243,-73.872609
2018,9,18,24486071,LGA,0,40.777243,-73.872609
2018,9,18,24490755,LGA,0,40.777243,-73.872609
2018,9,18,24492439,LGA,0,40.777243,-73.872609
2018,9,18,24492750,LGA,0,40.777243,-73.872609
2018,9,18,24492986,OAJ,0,34.829164,-77.612138
2018,9,18,24493094,PGV,0,35.635239,-77.38532
2018,9,18,24493160,OAJ,0,34.829164,-77.612138
2018,9,18,24493194,OAJ,0,34.829164,-77.612138
2018,9,18,24493222,OAJ,0,34.829164,-77.612138
2018,9,18,24494884,LGA,0,40.777243,-73.872609
2018,9,18,24494891,LGA,0,40.777243,-73.872609
2018,9,18,24497207,LGA,0,40.777243,-73.872609
2018,9,18,24497282,LGA,0,40.777243,-73.872609
2018,9,18,24497380,LGA,0,40.777243,-73.872609
2018,9,18,24497392,LGA,0,40.777243,-73.872609
2018,9,18,24497413,LGA,0,40.777243,-73.872609
2018,9,18,24497506,LGA,0,40.777243,-73.872609
2018,9,18,24497514,LGA,0,40.777243,-73.872609
2018,9,18,24497899,LGA,0,40.777243,-73.872609
2018,9,18,24500260,LGA,0,40.777243,-73.872609
2018,9,18,24500659,LGA,0,40.777243,-73.872609
2018,9,18,24500843,LGA,0,40.777243,-73.872609
2018,9,18,24501201,PGV,0,35.635239,-77.38532
2018,9,18,24501433,LGA,0,40.777243,-73.872609
2018,9,18,24501445,OAJ,0,34.829164,-77.612138
2018,9,18,24501503,LGA,0,40.777243,-73.872609
2018,9,18,24501556,LGA,0,40.777243,-73.872609
2018,9,18,24502069,LGA,0,40.777243,-73.872609
2018,9,18,24502072,LGA,0,40.777243,-73.872609
2018,9,18,24502137,OAJ,0,34.829164,-77.612138
2018,9,18,24502393,LGA,0,40.777243,-73.872609
2018,9,18,24502408,LGA,0,40.777243,-73.872609
2018,9,18,24502515,LGA,0,40.777243,-73.872609
2018,9,19,24504228,LGA,0,40.777243,-73.872609
2018,9,19,24504772,PGV,0,35.635239,-77.38532
2018,9,19,24504803,PGV,0,35.635239,-77.38532
2018,9,19,24522866,LGA,0,40.777243,-73.872609
2018,9,19,24523528,PGV,0,35.635239,-77.38532
2018,9,19,24523575,PGV,0,35.635239,-77.38532
2018,9,20,24532552,LGA,0,40.777243,-73.872609
2018,9,20,24539062,ICT,0,37.649959,-97.433046
2018,9,20,24540077,MSN,0,43.139858,-89.337514
2018,9,20,24542960,ATW,0,44.257408,-88.519476
2018,9,21,24549642,LGA,0,40.777243,-73.872609
2018,9,21,24551284,HOU,0,29.645419,-95.278889
2018,9,21,24551287,HOU,0,29.645419,-95.278889
2018,9,21,24551811,LGA,0,40.777243,-73.872609
2018,9,21,24553878,PNS,0,30.473306,-87.187444
2018,9,21,24555892,ICT,0,37.649959,-97.433046
2018,9,21,24555930,HOU,0,29.645419,-95.278889
2018,9,21,24556874,LGA,0,40.777243,-73.872609
2018,9,22,24566307,HOU,0,29.645419,-95.278889
2018,9,22,24567897,LGA,0,40.777243,-73.872609
2018,9,22,24573673,HOU,0,29.645419,-95.278889
2018,9,22,24573687,HOU,0,29.645419,-95.278889
2018,9,22,24573691,HOU,0,29.645419,-95.278889
2018,9,22,24573707,HOU,0,29.645419,-95.278889
2018,9,22,24573744,HOU,0,29.645419,-95.278889
2018,9,22,24573769,HOU,0,29.645419,-95.278889
2018,9,22,24573772,HOU,0,29.645419,-95.278889
2018,9,22,24577133,VPS,0,30.48325,-86.5254
2018,9,22,24581776,MRY,0,36.586983,-121.842948
2018,9,24,24611422,LGA,0,40.777243,-73.872609
2018,9,25,24631350,LGA,0,40.777243,-73.872609
2018,9,26,24646500,LGA,2146,40.777243,-73.872609
2018,9,26,24646523,LGA,2025,40.777243,-73.872609
2018,9,26,24651741,LGA,1944,40.777243,-73.872609
2018,9,26,24653495,LGA,0,40.777243,-73.872609
2018,9,26,24653872,MHT,0,42.934516,-71.437056
2018,9,26,24654128,LGA,2011,40.777243,-73.872609
2018,9,26,24654956,LGA,0,40.777243,-73.872609
2018,9,26,24654961,LGA,0,40.777243,-73.872609
2018,9,27,24665609,LGA,0,40.777243,-73.872609
2018,9,27,24679082,MRY,0,36.586983,-121.842948
2018,9,29,24720354,ONT,0,34.056,-117.601194
2018,9,29,24720660,RDM,0,44.254067,-121.149963
2018,9,29,24720956,MRY,0,36.586983,-121.842948
2018,9,30,24731753,HYS,0,38.844942,-99.274034
2018,10,1,24743009,EWR,0,40.692497,-74.168661
2018,10,2,24763582,LGA,1907,40.777243,-73.872609
2018,10,2,24763583,LGA,1908,40.777243,-73.872609
2018,10,2,24763584,LGA,1906,40.777243,-73.872609
2018,10,2,24767494,LGA,0,40.777243,-73.872609
2018,10,2,24770438,LGA,0,40.777243,-73.872609
2018,10,2,24770952,LGA,0,40.777243,-73.872609
2018,10,2,24775928,MSN,0,43.139858,-89.337514
2018,10,3,24786760,LGA,0,40.777243,-73.872609
2018,10,3,24791466,LGA,0,40.777243,-73.872609
2018,10,3,24795103,CWA,0,44.777619,-89.666779
2018,10,3,24795948,LGA,0,40.777243,-73.872609
2018,10,3,24796033,LGA,0,40.777243,-73.872609
2018,10,3,24796074,LGA,0,40.777243,-73.872609
2018,10,3,24796095,LGA,0,40.777243,-73.872609
2018,10,6,24857122,MRY,0,36.586983,-121.842948
2018,10,8,24882963,HOU,0,29.645419,-95.278889
2018,10,8,24882965,HOU,0,29.645419,-95.278889
2018,10,8,24882966,HOU,0,29.645419,-95.278889
2018,10,8,24882967,HOU,0,29.645419,-95.278889
2018,10,8,24885712,MSN,0,43.139858,-89.337514
2018,10,8,24887561,ALB,0,42.748119,-73.802979
2018,10,8,24892900,MSN,0,43.139858,-89.337514
2018,10,8,24897030,LIT,1541,34.729396,-92.224246
2018,10,8,24898704,ICT,0,37.649959,-97.433046
2018,10,8,24898949,HOU,0,29.645419,-95.278889
2018,10,8,24902638,ICT,0,37.649959,-97.433046
2018,10,9,24906553,ICT,0,37.649959,-97.433046
2018,10,9,24906557,FSM,0,35.33659,-94.367441
2018,10,9,24906578,HOU,0,29.645419,-95.278889
2018,10,9,24906639,ICT,0,37.649959,-97.433046
2018,10,9,24906789,HOU,0,29.645419,-95.278889
2018,10,9,24907749,BTR,0,30.533161,-91.149634
2018,10,9,24909598,ICT,0,37.649959,-97.433046
2018,10,9,24910261,HOU,0,29.645419,-95.278889
2018,10,9,24910311,HOU,0,29.645419,-95.278889
2018,10,9,24911185,ONT,0,34.056,-117.601194
2018,10,9,24911264,LGA,0,40.777243,-73.872609
2018,10,9,24912323,MSN,0,43.139858,-89.337514
2018,10,9,24912876,HOU,0,29.645419,-95.278889
2018,10,9,24912898,HOU,0,29.645419,-95.278889
2018,10,9,24916587,LCH,0,30.126098,-93.223404
2018,10,9,24917364,TLH,0,30.396528,-84.350333
2018,10,9,24918340,LGA,0,40.777243,-73.872609
2018,10,9,24919441,ONT,0,34.056,-117.601194
2018,10,9,24920598,TLH,0,30.396528,-84.350333
2018,10,10,24924247,HOU,0,29.645419,-95.278889
2018,10,10,24924316,HOU,0,29.645419,-95.278889
2018,10,10,24925865,PNS,0,30.473306,-87.187444
2018,10,10,24925866,PNS,0,30.473306,-87.187444
2018,10,10,24925867,PNS,0,30.473306,-87.187444
2018,10,10,24926717,TLH,0,30.396528,-84.350333
2018,10,10,24926732,PNS,0,30.473306,-87.187444
2018,10,10,24926864,TLH,0,30.396528,-84.350333
2018,10,10,24926904,TLH,0,30.396528,-84.350333
2018,10,10,24927046,TLH,0,30.396528,-84.350333
2018,10,10,24927105,PNS,0,30.473306,-87.187444
2018,10,10,24927258,PNS,0,30.473306,-87.187444
2018,10,10,24927314,TLH,0,30.396528,-84.350333
2018,10,10,24927357,TLH,0,30.396528,-84.350333
2018,10,10,24927685,TLH,0,30.396528,-84.350333
2018,10,10,24928191,PNS,0,30.473306,-87.187444
2018,10,10,24928254,PNS,0,30.473306,-87.187444
2018,10,10,24929555,ONT,0,34.056,-117.601194
2018,10,10,24930167,PNS,0,30.473306,-87.187444
2018,10,10,24930191,TLH,0,30.396528,-84.350333
2018,10,10,24930955,BLV,0,38.545179,-89.835184
2018,10,10,24933024,PNS,0,30.473306,-87.187444
2018,10,10,24933091,PNS,0,30.473306,-87.187444
2018,10,10,24933112,PNS,0,30.473306,-87.187444
2018,10,10,24935167,PNS,0,30.473306,-87.187444
2018,10,10,24935724,PNS,0,30.473306,-87.187444
2018,10,10,24935845,PNS,0,30.473306,-87.187444
2018,10,10,24937348,DVL,0,48.114245,-98.908778
2018,10,10,24938785,HOU,0,29.645419,-95.278889
2018,10,10,24940250,TLH,0,30.396528,-84.350333
2018,10,10,24940254,TLH,0,30.396528,-84.350333
2018,10,10,24940343,TLH,0,30.396528,-84.350333
2018,10,10,24940366,TLH,0,30.396528,-84.350333
2018,10,10,24940499,PNS,0,30.473306,-87.187444
2018,10,10,24940669,PNS,0,30.473306,-87.187444
2018,10,10,24940840,PNS,0,30.473306,-87.187444
2018,10,10,24940883,PNS,0,30.473306,-87.187444
2018,10,10,24940974,PNS,0,30.473306,-87.187444
2018,10,10,24941017,TLH,0,30.396528,-84.350333
2018,10,10,24941457,TLH,0,30.396528,-84.350333
2018,10,10,24941908,PNS,0,30.473306,-87.187444
2018,10,10,24941945,PNS,0,30.473306,-87.187444
2018,10,10,24942786,PNS,0,30.473306,-87.187444
2018,10,11,24943277,LGA,0,40.777243,-73.872609
2018,10,11,24943581,MHT,0,42.934516,-71.437056
2018,10,11,24943813,MSN,0,43.139858,-89.337514
2018,10,11,24943851,PGV,0,35.635239,-77.38532
2018,10,11,24943863,PGV,0,35.635239,-77.38532
2018,10,11,24943909,PNS,0,30.473306,-87.187444
2018,10,11,24945191,TLH,0,30.396528,-84.350333
2018,10,11,24945303,TLH,0,30.396528,-84.350333
2018,10,11,24945809,ECP,0,30.3419,-85.7978
2018,10,11,24948451,PNS,0,30.473306,-87.187444
2018,10,11,24948520,LGA,0,40.777243,-73.872609
2018,10,11,24948937,ECP,0,30.3419,-85.7978
2018,10,11,24949020,ECP,0,30.3419,-85.7978
2018,10,11,24949708,LGA,0,40.777243,-73.872609
2018,10,11,24949892,LGA,0,40.777243,-73.872609
2018,10,11,24949985,LGA,0,40.777243,-73.872609
2018,10,11,24950005,LGA,0,40.777243,-73.872609
2018,10,11,24950192,LGA,0,40.777243,-73.872609
2018,10,11,24950681,DVL,0,48.114245,-98.908778
2018,10,11,24950957,LGA,0,40.777243,-73.872609
2018,10,11,24951850,LGA,0,40.777243,-73.872609
2018,10,11,24951866,LGA,0,40.777243,-73.872609
2018,10,11,24952004,LGA,0,40.777243,-73.872609
2018,10,11,24952027,LGA,0,40.777243,-73.872609
2018,10,11,24952041,LGA,0,40.777243,-73.872609
2018,10,11,24952075,LGA,0,40.777243,-73.872609
2018,10,11,24952092,LGA,2342,40.777243,-73.872609
2018,10,11,24953817,LGA,0,40.777243,-73.872609
2018,10,11,24953973,LGA,0,40.777243,-73.872609
2018,10,11,24954002,PNS,0,30.473306,-87.187444
2018,10,11,24955266,ECP,0,30.3419,-85.7978
2018,10,11,24955267,ECP,0,30.3419,-85.7978
2018,10,11,24955268,ECP,0,30.3419,-85.7978
2018,10,11,24955450,HOU,0,29.645419,-95.278889
2018,10,11,24955990,LGA,0,40.777243,-73.872609
2018,10,11,24955995,LGA,0,40.777243,-73.872609
2018,10,11,24957069,PNS,0,30.473306,-87.187444
2018,10,11,24957984,LGA,0,40.777243,-73.872609
2018,10,11,24958111,TLH,0,30.396528,-84.350333
2018,10,11,24958131,LGA,0,40.777243,-73.872609
2018,10,11,24958419,TLH,0,30.396528,-84.350333
2018,10,11,24958433,LGA,0,40.777243,-73.872609
2018,10,11,24958462,TLH,0,30.396528,-84.350333
2018,10,11,24958540,LGA,0,40.777243,-73.872609
2018,10,11,24958544,LGA,0,40.777243,-73.872609
2018,10,11,24958548,LGA,0,40.777243,-73.872609
2018,10,11,24958551,LGA,0,40.777243,-73.872609
2018,10,11,24958579,LGA,0,40.777243,-73.872609
2018,10,11,24958599,LGA,0,40.777243,-73.872609
2018,10,11,24958600,LGA,0,40.777243,-73.872609
2018,10,11,24958628,LGA,0,40.777243,-73.872609
2018,10,11,24958653,LGA,0,40.777243,-73.872609
2018,10,11,24958662,LGA,0,40.777243,-73.872609
2018,10,11,24958674,LGA,0,40.777243,-73.872609
2018,10,11,24958680,LGA,0,40.777243,-73.872609
2018,10,11,24958700,LGA,0,40.777243,-73.872609
2018,10,11,24958711,LGA,0,40.777243,-73.872609
2018,10,11,24958718,LGA,0,40.777243,-73.872609
2018,10,11,24958943,LGA,0,40.777243,-73.872609
2018,10,11,24959000,LGA,0,40.777243,-73.872609
2018,10,11,24959004,LGA,0,40.777243,-73.872609
2018,10,11,24959023,LGA,0,40.777243,-73.872609
2018,10,11,24959406,PNS,0,30.473306,-87.187444
2018,10,11,24959792,LGA,0,40.777243,-73.872609
2018,10,11,24959883,LGA,2029,40.777243,-73.872609
2018,10,11,24960072,LGA,0,40.777243,-73.872609
2018,10,11,24960157,ECP,0,30.3419,-85.7978
2018,10,11,24962047,BTR,0,30.533161,-91.149634
2018,10,11,24962074,PGV,0,35.635239,-77.38532
2018,10,11,24962094,LIT,0,34.729396,-92.224246
2018,10,11,24962616,ECP,0,30.3419,-85.7978
2018,10,11,24963016,ECP,0,30.3419,-85.7978
2018,10,11,24963371,ECP,0,30.3419,-85.7978
2018,10,11,24963848,ECP,0,30.3419,-85.7978
2018,10,11,24963943,ECP,0,30.3419,-85.7978
2018,10,12,24964738,LGA,0,40.777243,-73.872609
2018,10,12,24964850,TLH,0,30.396528,-84.350333
2018,10,12,24965654,TLH,0,30.396528,-84.350333
2018,10,12,24965678,LGA,0,40.777243,-73.872609
2018,10,12,24968006,HOU,0,29.645419,-95.278889
2018,10,12,24980122,LGA,0,40.777243,-73.872609
2018,10,12,24980989,TLH,0,30.396528,-84.350333
2018,10,13,24987531,ICT,0,37.649959,-97.433046
2018,10,13,24988420,HOU,0,29.645419,-95.278889
2018,10,13,24989699,ONT,0,34.056,-117.601194
2018,10,13,24991150,ECP,0,30.3419,-85.7978
2018,10,13,24991151,ECP,0,30.3419,-85.7978
2018,10,13,24991152,ECP,0,30.3419,-85.7978
2018,10,13,24991153,ECP,0,30.3419,-85.7978
2018,10,13,24991154,ECP,0,30.3419,-85.7978
2018,10,13,24991155,ECP,0,30.3419,-85.7978
2018,10,13,24991289,HOU,0,29.645419,-95.278889
2018,10,13,24991299,HOU,0,29.645419,-95.278889
2018,10,13,24991309,HOU,0,29.645419,-95.278889
2018,10,13,24997100,ECP,0,30.3419,-85.7978
2018,10,14,25003414,HOU,0,29.645419,-95.278889
2018,10,14,25019832,HOU,0,29.645419,-95.278889
2018,10,15,25025542,HOU,0,29.645419,-95.278889
2018,10,15,25026676,LGA,0,40.777243,-73.872609
2018,10,15,25031884,LGA,830,40.777243,-73.872609
2018,10,15,25031887,LGA,0,40.777243,-73.872609
2018,10,15,25031901,LGA,0,40.777243,-73.872609
2018,10,15,25033776,ONT,0,34.056,-117.601194
2018,10,15,25036714,HOU,0,29.645419,-95.278889
2018,10,15,25036764,HOU,0,29.645419,-95.278889
2018,10,15,25038009,ONT,0,34.056,-117.601194
2018,10,15,25038011,ONT,0,34.056,-117.601194
2018,10,15,25038018,ONT,0,34.056,-117.601194
2018,10,15,25038024,ONT,0,34.056,-117.601194
2018,10,15,25038036,ONT,0,34.056,-117.601194
2018,10,15,25039168,ONT,0,34.056,-117.601194
2018,10,15,25039648,ONT,0,34.056,-117.601194
2018,10,16,25059648,ALB,0,42.748119,-73.802979
2018,10,17,25078034,HOU,0,29.645419,-95.278889
2018,10,19,25118319,RDM,0,44.254067,-121.149963
2018,10,20,25142821,HOU,0,29.645419,-95.278889
2018,10,24,25217889,HOU,1945,29.645419,-95.278889
2018,10,24,25222541,LGA,0,40.777243,-73.872609
2018,10,25,25232483,SPN,0,15.1197,145.729
2018,10,26,25261507,SPN,0,15.1197,145.729
2018,10,26,25261508,SPN,0,15.1197,145.729
2018,10,27,25271584,ALB,0,42.748119,-73.802979
2018,10,29,25315229,HOU,0,29.645419,-95.278889
2018,10,29,25315266,HOU,0,29.645419,-95.278889
2018,10,31,25352190,BTR,0,30.533161,-91.149634
2018,10,31,25355690,HOU,0,29.645419,-95.278889
2018,10,31,25355692,HOU,0,29.645419,-95.278889
2018,10,31,25355705,HOU,0,29.645419,-95.278889
2018,10,31,25355719,HOU,0,29.645419,-95.278889
2018,10,31,25355720,HOU,0,29.645419,-95.278889
2018,10,31,25355724,HOU,0,29.645419,-95.278889
2018,10,31,25355736,HOU,0,29.645419,-95.278889
2018,10,31,25355741,HOU,0,29.645419,-95.278889
2018,10,31,25355754,HOU,0,29.645419,-95.278889
2018,10,31,25355756,HOU,0,29.645419,-95.278889
2018,10,31,25355764,HOU,0,29.645419,-95.278889
2018,10,31,25355766,HOU,0,29.645419,-95.278889
2018,10,31,25355770,HOU,0,29.645419,-95.278889
2018,10,31,25355776,HOU,0,29.645419,-95.278889
2018,10,31,25355785,HOU,0,29.645419,-95.278889
2018,10,31,25355789,HOU,0,29.645419,-95.278889
2018,10,31,25355810,HOU,0,29.645419,-95.278889
2018,11,1,25367596,LCH,0,30.126098,-93.223404
2018,11,1,25367619,ICT,0,37.649959,-97.433046
2018,11,1,25368063,PNS,0,30.473306,-87.187444
2018,11,3,25406153,LGA,0,40.777243,-73.872609
2018,11,4,25422052,HOU,0,29.645419,-95.278889
2018,11,6,25460167,FSM,0,35.33659,-94.367441
2018,11,6,25462723,LIT,0,34.729396,-92.224246
2018,11,6,25467252,LGA,0,40.777243,-73.872609
2018,11,6,25470622,LGA,0,40.777243,-73.872609
2018,11,8,25503787,HOU,0,29.645419,-95.278889
2018,11,8,25507358,UIN,0,39.942624,-91.194456
2018,11,9,25532297,ICT,0,37.649959,-97.433046
2018,11,9,25533932,ONT,0,34.056,-117.601194
2018,11,12,25579109,ICT,0,37.649959,-97.433046
2018,11,13,25594873,LGA,0,40.777243,-73.872609
2018,11,13,25595050,LGA,0,40.777243,-73.872609
2018,11,13,25600449,LGA,0,40.777243,-73.872609
2018,11,14,25621884,HOU,0,29.645419,-95.278889
2018,11,15,25632464,LGA,0,40.777243,-73.872609
2018,11,15,25632496,LGA,0,40.777243,-73.872609
2018,11,15,25632513,LGA,1403,40.777243,-73.872609
2018,11,15,25632521,LGA,0,40.777243,-73.872609
2018,11,15,25632525,LGA,0,40.777243,-73.872609
2018,11,15,25632533,LGA,0,40.777243,-73.872609
2018,11,15,25632553,LGA,0,40.777243,-73.872609
2018,11,15,25632577,LGA,0,40.777243,-73.872609
2018,11,15,25632591,LGA,0,40.777243,-73.872609
2018,11,15,25632602,LGA,0,40.777243,-73.872609
2018,11,15,25632649,LGA,0,40.777243,-73.872609
2018,11,15,25632716,LGA,0,40.777243,-73.872609
2018,11,15,25632788,LGA,0,40.777243,-73.872609
2018,11,15,25632789,LGA,0,40.777243,-73.872609
2018,11,15,25632795,LGA,1656,40.777243,-73.872609
2018,11,15,25632843,LGA,0,40.777243,-73.872609
2018,11,15,25632860,LGA,0,40.777243,-73.872609
2018,11,15,25632862,LGA,0,40.777243,-73.872609
2018,11,15,25632863,LGA,0,40.777243,-73.872609
2018,11,15,25632877,LGA,0,40.777243,-73.872609
2018,11,15,25632884,LGA,0,40.777243,-73.872609
2018,11,15,25632974,LGA,0,40.777243,-73.872609
2018,11,15,25633084,LGA,0,40.777243,-73.872609
2018,11,15,25633217,EWR,0,40.692497,-74.168661
2018,11,15,25633274,EWR,0,40.692497,-74.168661
2018,11,15,25633432,EWR,0,40.692497,-74.168661
2018,11,15,25634182,EWR,0,40.692497,-74.168661
2018,11,15,25634195,EWR,0,40.692497,-74.168661
2018,11,15,25634200,EWR,0,40.692497,-74.168661
2018,11,15,25634324,LGA,0,40.777243,-73.872609
2018,11,15,25634375,LGA,0,40.777243,-73.872609
2018,11,15,25634388,LGA,0,40.777243,-73.872609
2018,11,15,25634397,LGA,0,40.777243,-73.872609
2018,11,15,25634441,LGA,1849,40.777243,-73.872609
2018,11,15,25634483,LGA,0,40.777243,-73.872609
2018,11,15,25634577,LGA,0,40.777243,-73.872609
2018,11,15,25634594,LGA,0,40.777243,-73.872609
2018,11,15,25634802,LGA,0,40.777243,-73.872609
2018,11,15,25634834,LGA,0,40.777243,-73.872609
2018,11,15,25634902,MSN,0,43.139858,-89.337514
2018,11,15,25635047,LGA,1830,40.777243,-73.872609
2018,11,15,25635065,LGA,1935,40.777243,-73.872609
2018,11,15,25635151,LGA,0,40.777243,-73.872609
2018,11,15,25635153,LGA,0,40.777243,-73.872609
2018,11,15,25635155,LGA,0,40.777243,-73.872609
2018,11,15,25635159,LGA,0,40.777243,-73.872609
2018,11,15,25635163,LGA,0,40.777243,-73.872609
2018,11,15,25635165,LGA,0,40.777243,-73.872609
2018,11,15,25635166,LGA,0,40.777243,-73.872609
2018,11,15,25635167,LGA,0,40.777243,-73.872609
2018,11,15,25635169,LGA,0,40.777243,-73.872609
2018,11,15,25635171,LGA,0,40.777243,-73.872609
2018,11,15,25635173,LGA,0,40.777243,-73.872609
2018,11,15,25635182,LGA,0,40.777243,-73.872609
2018,11,15,25635187,LGA,0,40.777243,-73.872609
2018,11,15,25635203,LGA,0,40.777243,-73.872609
2018,11,15,25635209,LGA,0,40.777243,-73.872609
2018,11,15,25635244,LGA,0,40.777243,-73.872609
2018,11,15,25635271,LGA,0,40.777243,-73.872609
2018,11,15,25635302,LGA,0,40.777243,-73.872609
2018,11,15,25635319,LGA,0,40.777243,-73.872609
2018,11,15,25635340,LGA,0,40.777243,-73.872609
2018,11,15,25635719,ICT,0,37.649959,-97.433046
2018,11,15,25635963,LGA,0,40.777243,-73.872609
2018,11,15,25636088,LGA,0,40.777243,-73.872609
2018,11,15,25636094,LGA,0,40.777243,-73.872609
2018,11,15,25636120,LGA,0,40.777243,-73.872609
2018,11,15,25636132,LGA,0,40.777243,-73.872609
2018,11,15,25636173,LGA,0,40.777243,-73.872609
2018,11,15,25636227,LGA,0,40.777243,-73.872609
2018,11,15,25636232,EWR,0,40.692497,-74.168661
2018,11,15,25636235,MSN,0,43.139858,-89.337514
2018,11,15,25636253,LGA,0,40.777243,-73.872609
2018,11,15,25636278,LGA,0,40.777243,-73.872609
2018,11,15,25636287,LGA,0,40.777243,-73.872609
2018,11,15,25636317,EWR,0,40.692497,-74.168661
2018,11,15,25636356,LGA,0,40.777243,-73.872609
2018,11,15,25636361,LGA,0,40.777243,-73.872609
2018,11,15,25636373,EWR,0,40.692497,-74.168661
2018,11,15,25636393,LGA,0,40.777243,-73.872609
2018,11,15,25636403,EWR,0,40.692497,-74.168661
2018,11,15,25636404,LGA,0,40.777243,-73.872609
2018,11,15,25636405,LGA,0,40.777243,-73.872609
2018,11,15,25636413,LGA,0,40.777243,-73.872609
2018,11,15,25636415,LGA,0,40.777243,-73.872609
2018,11,15,25636554,SWF,0,41.504094,-74.104838
2018,11,15,25636711,LGA,0,40.777243,-73.872609
2018,11,15,25636950,DVL,0,48.114245,-98.908778
2018,11,15,25637664,EWR,0,40.692497,-74.168661
2018,11,15,25637809,EWR,0,40.692497,-74.168661
2018,11,15,25637819,EWR,0,40.692497,-74.168661
2018,11,15,25637882,EWR,0,40.692497,-74.168661
2018,11,15,25637884,EWR,0,40.692497,-74.168661
2018,11,15,25638253,EWR,0,40.692497,-74.168661
2018,11,15,25638254,EWR,0,40.692497,-74.168661
2018,11,15,25638256,EWR,0,40.692497,-74.168661
2018,11,15,25638259,EWR,0,40.692497,-74.168661
2018,11,15,25638260,EWR,1348,40.692497,-74.168661
2018,11,15,25638261,EWR,0,40.692497,-74.168661
2018,11,15,25638263,EWR,0,40.692497,-74.168661
2018,11,15,25638267,EWR,0,40.692497,-74.168661
2018,11,15,25638268,EWR,1340,40.692497,-74.168661
2018,11,15,25638269,EWR,0,40.692497,-74.168661
2018,11,15,25638386,HOU,0,29.645419,-95.278889
2018,11,15,25638387,HOU,0,29.645419,-95.278889
2018,11,15,25638406,HOU,0,29.645419,-95.278889
2018,11,15,25638446,HOU,0,29.645419,-95.278889
2018,11,15,25638447,HOU,0,29.645419,-95.278889
2018,11,15,25638508,HOU,0,29.645419,-95.278889
2018,11,15,25638565,ISP,0,40.795243,-73.100212
2018,11,15,25638568,ISP,0,40.795243,-73.100212
2018,11,15,25638931,LGA,0,40.777243,-73.872609
2018,11,15,25638932,LGA,0,40.777243,-73.872609
2018,11,15,25638933,LGA,0,40.777243,-73.872609
2018,11,15,25638937,LGA,0,40.777243,-73.872609
2018,11,15,25638942,LGA,1613,40.777243,-73.872609
2018,11,15,25638943,LGA,0,40.777243,-73.872609
2018,11,15,25638945,LGA,0,40.777243,-73.872609
2018,11,15,25638946,LGA,1620,40.777243,-73.872609
2018,11,15,25638949,LGA,0,40.777243,-73.872609
2018,11,15,25638950,LGA,1602,40.777243,-73.872609
2018,11,15,25638953,LGA,0,40.777243,-73.872609
2018,11,15,25638955,LGA,0,40.777243,-73.872609
2018,11,15,25638956,LGA,1655,40.777243,-73.872609
2018,11,15,25638959,LGA,0,40.777243,-73.872609
2018,11,15,25638960,LGA,0,40.777243,-73.872609
2018,11,15,25638962,LGA,0,40.777243,-73.872609
2018,11,15,25638964,LGA,0,40.777243,-73.872609
2018,11,15,25639416,MHT,0,42.934516,-71.437056
2018,11,15,25639419,MHT,0,42.934516,-71.437056
2018,11,15,25639420,MHT,0,42.934516,-71.437056
2018,11,15,25640041,LGA,0,40.777243,-73.872609
2018,11,15,25640152,LGA,0,40.777243,-73.872609
2018,11,15,25640166,LGA,0,40.777243,-73.872609
2018,11,15,25640206,LGA,1806,40.777243,-73.872609
2018,11,15,25640437,LGA,0,40.777243,-73.872609
2018,11,15,25640503,LGA,0,40.777243,-73.872609
2018,11,15,25640509,LGA,0,40.777243,-73.872609
2018,11,15,25640521,LGA,1638,40.777243,-73.872609
2018,11,15,25640601,LGA,1619,40.777243,-73.872609
2018,11,15,25640637,LGA,0,40.777243,-73.872609
2018,11,15,25640641,LGA,0,40.777243,-73.872609
2018,11,15,25640690,LGA,0,40.777243,-73.872609
2018,11,15,25640710,LGA,1451,40.777243,-73.872609
2018,11,15,25640900,LGA,0,40.777243,-73.872609
2018,11,15,25641035,LGA,0,40.777243,-73.872609
2018,11,15,25641123,LGA,0,40.777243,-73.872609
2018,11,15,25641153,LGA,0,40.777243,-73.872609
2018,11,15,25641158,LGA,0,40.777243,-73.872609
2018,11,15,25641333,EWR,0,40.692497,-74.168661
2018,11,15,25641348,EWR,0,40.692497,-74.168661
2018,11,15,25641412,EWR,0,40.692497,-74.168661
2018,11,15,25641437,EWR,0,40.692497,-74.168661
2018,11,15,25641472,EWR,0,40.692497,-74.168661
2018,11,15,25641481,EWR,0,40.692497,-74.168661
2018,11,15,25641506,EWR,0,40.692497,-74.168661
2018,11,15,25641563,EWR,0,40.692497,-74.168661
2018,11,15,25641617,LGA,0,40.777243,-73.872609
2018,11,15,25641636,EWR,0,40.692497,-74.168661
2018,11,15,25641637,EWR,0,40.692497,-74.168661
2018,11,15,25641678,EWR,0,40.692497,-74.168661
2018,11,15,25641686,EWR,0,40.692497,-74.168661
2018,11,15,25641689,EWR,0,40.692497,-74.168661
2018,11,15,25641691,EWR,0,40.692497,-74.168661
2018,11,15,25641692,EWR,0,40.692497,-74.168661
2018,11,15,25641696,EWR,0,40.692497,-74.168661
2018,11,15,25641721,EWR,0,40.692497,-74.168661
2018,11,15,25641734,EWR,0,40.692497,-74.168661
2018,11,15,25641777,EWR,0,40.692497,-74.168661
2018,11,15,25641841,EWR,0,40.692497,-74.168661
2018,11,15,25641850,EWR,0,40.692497,-74.168661
2018,11,15,25641875,EWR,0,40.692497,-74.168661
2018,11,15,25641893,EWR,0,40.692497,-74.168661
2018,11,15,25641939,EWR,0,40.692497,-74.168661
2018,11,15,25641961,EWR,0,40.692497,-74.168661
2018,11,15,25641984,EWR,0,40.692497,-74.168661
2018,11,15,25641988,LGA,0,40.777243,-73.872609
2018,11,15,25641990,LGA,0,40.777243,-73.872609
2018,11,15,25641992,EWR,0,40.692497,-74.168661
2018,11,15,25642013,EWR,0,40.692497,-74.168661
2018,11,15,25642065,LGA,0,40.777243,-73.872609
2018,11,15,25642067,EWR,0,40.692497,-74.168661
2018,11,15,25642088,EWR,0,40.692497,-74.168661
2018,11,15,25642119,EWR,0,40.692497,-74.168661
2018,11,15,25642145,EWR,0,40.692497,-74.168661
2018,11,15,25642172,EWR,0,40.692497,-74.168661
2018,11,15,25642189,EWR,0,40.692497,-74.168661
2018,11,15,25642262,LGA,0,40.777243,-73.872609
2018,11,15,25642306,EWR,0,40.692497,-74.168661
2018,11,15,25642320,EWR,0,40.692497,-74.168661
2018,11,15,25642326,EWR,0,40.692497,-74.168661
2018,11,15,25642332,EWR,0,40.692497,-74.168661
2018,11,15,25642334,EWR,0,40.692497,-74.168661
2018,11,15,25642338,EWR,0,40.692497,-74.168661
2018,11,15,25642368,EWR,0,40.692497,-74.168661
2018,11,15,25642375,EWR,0,40.692497,-74.168661
2018,11,15,25642387,EWR,0,40.692497,-74.168661
2018,11,15,25642415,EWR,0,40.692497,-74.168661
2018,11,15,25642443,EWR,0,40.692497,-74.168661
2018,11,15,25642460,EWR,0,40.692497,-74.168661
2018,11,15,25642543,EWR,0,40.692497,-74.168661
2018,11,15,25642555,EWR,0,40.692497,-74.168661
2018,11,15,25642567,LGA,0,40.777243,-73.872609
2018,11,15,25642634,EWR,0,40.692497,-74.168661
2018,11,15,25642642,EWR,0,40.692497,-74.168661
2018,11,15,25642646,EWR,0,40.692497,-74.168661
2018,11,15,25642672,EWR,0,40.692497,-74.168661
2018,11,15,25642676,EWR,0,40.692497,-74.168661
2018,11,15,25642711,EWR,0,40.692497,-74.168661
2018,11,15,25642847,EWR,0,40.692497,-74.168661
2018,11,15,25642867,LGA,0,40.777243,-73.872609
2018,11,15,25642899,EWR,0,40.692497,-74.168661
2018,11,15,25643008,EWR,0,40.692497,-74.168661
2018,11,15,25643039,EWR,0,40.692497,-74.168661
2018,11,15,25643073,EWR,0,40.692497,-74.168661
2018,11,15,25643112,EWR,0,40.692497,-74.168661
2018,11,15,25643131,LGA,0,40.777243,-73.872609
2018,11,15,25643139,LGA,0,40.777243,-73.872609
2018,11,15,25643673,LGA,1518,40.777243,-73.872609
2018,11,15,25643676,LGA,0,40.777243,-73.872609
2018,11,15,25643727,ALB,0,42.748119,-73.802979
2018,11,15,25643890,ILM,0,34.270611,-77.902556
2018,11,15,25643922,ILM,0,34.270611,-77.902556
2018,11,15,25644114,ILM,0,34.270611,-77.902556
2018,11,15,25644155,ALB,0,42.748119,-73.802979
2018,11,15,25644157,ALB,0,42.748119,-73.802979
2018,11,15,25645100,LGA,0,40.777243,-73.872609
2018,11,15,25645121,LGA,0,40.777243,-73.872609
2018,11,15,25645139,EWR,0,40.692497,-74.168661
2018,11,15,25645166,LGA,0,40.777243,-73.872609
2018,11,15,25645199,LGA,0,40.777243,-73.872609
2018,11,15,25645261,LGA,0,40.777243,-73.872609
2018,11,15,25645272,LGA,0,40.777243,-73.872609
2018,11,15,25645282,LGA,0,40.777243,-73.872609
2018,11,15,25645291,LGA,0,40.777243,-73.872609
2018,11,15,25645315,LGA,0,40.777243,-73.872609
2018,11,15,25645325,LGA,0,40.777243,-73.872609
2018,11,15,25645525,LGA,0,40.777243,-73.872609
2018,11,15,25645544,LGA,0,40.777243,-73.872609
2018,11,15,25645561,LGA,0,40.777243,-73.872609
2018,11,15,25645665,LGA,0,40.777243,-73.872609
2018,11,15,25645959,LGA,0,40.777243,-73.872609
2018,11,15,25646456,EWR,0,40.692497,-74.168661
2018,11,15,25646611,EWR,0,40.692497,-74.168661
2018,11,15,25646995,LGA,0,40.777243,-73.872609
2018,11,15,25647082,LGA,0,40.777243,-73.872609
2018,11,15,25647189,LGA,1649,40.777243,-73.872609
2018,11,15,25647484,LGA,0,40.777243,-73.872609
2018,11,15,25647725,LGA,0,40.777243,-73.872609
2018,11,15,25647752,LGA,0,40.777243,-73.872609
2018,11,15,25648287,LGA,0,40.777243,-73.872609
2018,11,15,25648427,LGA,1553,40.777243,-73.872609
2018,11,15,25648534,LGA,0,40.777243,-73.872609
2018,11,15,25649267,LGA,0,40.777243,-73.872609
2018,11,15,25649284,LGA,0,40.777243,-73.872609
2018,11,15,25649656,EWR,0,40.692497,-74.168661
2018,11,15,25649891,LGA,0,40.777243,-73.872609
2018,11,15,25650675,LGA,0,40.777243,-73.872609
2018,11,15,25650891,EWR,0,40.692497,-74.168661
2018,11,15,25650925,EWR,0,40.692497,-74.168661
2018,11,15,25650939,LGA,1744,40.777243,-73.872609
2018,11,15,25651038,LGA,0,40.777243,-73.872609
2018,11,15,25651050,LGA,0,40.777243,-73.872609
2018,11,15,25651266,LGA,0,40.777243,-73.872609
2018,11,15,25651639,LGA,0,40.777243,-73.872609
2018,11,15,25651668,LGA,0,40.777243,-73.872609
2018,11,15,25651679,MHT,0,42.934516,-71.437056
2018,11,15,25651683,LGA,0,40.777243,-73.872609
2018,11,15,25651715,MHT,0,42.934516,-71.437056
2018,11,15,25651719,LGA,0,40.777243,-73.872609
2018,11,15,25652984,LGA,0,40.777243,-73.872609
2018,11,15,25652985,LGA,0,40.777243,-73.872609
2018,11,15,25653016,LGA,1533,40.777243,-73.872609
2018,11,15,25653019,LGA,1907,40.777243,-73.872609
2018,11,15,25653020,LGA,1548,40.777243,-73.872609
2018,11,15,25653021,LGA,1537,40.777243,-73.872609
2018,11,15,25653037,EWR,0,40.692497,-74.168661
2018,11,16,25654563,LGA,0,40.777243,-73.872609
2018,11,16,25654593,LGA,0,40.777243,-73.872609
2018,11,16,25654930,LGA,0,40.777243,-73.872609
2018,11,16,25655144,LGA,0,40.777243,-73.872609
2018,11,16,25655364,MHT,0,42.934516,-71.437056
2018,11,16,25656653,LGA,0,40.777243,-73.872609
2018,11,16,25657859,LGA,0,40.777243,-73.872609
2018,11,16,25659432,ALB,0,42.748119,-73.802979
2018,11,16,25659475,LGA,0,40.777243,-73.872609
2018,11,16,25659911,LGA,0,40.777243,-73.872609
2018,11,16,25659974,LGA,0,40.777243,-73.872609
2018,11,16,25660931,ALB,0,42.748119,-73.802979
2018,11,16,25660932,ALB,0,42.748119,-73.802979
2018,11,16,25660936,ALB,0,42.748119,-73.802979
2018,11,16,25660939,ALB,0,42.748119,-73.802979
2018,11,16,25662903,LGA,0,40.777243,-73.872609
2018,11,16,25662913,LGA,0,40.777243,-73.872609
2018,11,16,25662923,LGA,0,40.777243,-73.872609
2018,11,16,25665618,LGA,0,40.777243,-73.872609
2018,11,16,25665966,LGA,0,40.777243,-73.872609
2018,11,16,25666095,LGA,0,40.777243,-73.872609
2018,11,16,25666322,LGA,0,40.777243,-73.872609
2018,11,16,25666335,LGA,0,40.777243,-73.872609
2018,11,16,25668545,LGA,0,40.777243,-73.872609
2018,11,16,25668612,LGA,0,40.777243,-73.872609
2018,11,16,25669930,LGA,0,40.777243,-73.872609
2018,11,16,25671485,LGA,0,40.777243,-73.872609
2018,11,16,25672327,LGA,0,40.777243,-73.872609
2018,11,16,25673534,LGA,0,40.777243,-73.872609
2018,11,16,25673561,LGA,0,40.777243,-73.872609
2018,11,16,25673635,LGA,0,40.777243,-73.872609
2018,11,16,25673662,LGA,0,40.777243,-73.872609
2018,11,16,25673773,LGA,0,40.777243,-73.872609
2018,11,16,25673841,LGA,0,40.777243,-73.872609
2018,11,16,25674371,LGA,0,40.777243,-73.872609
2018,11,16,25674727,LGA,0,40.777243,-73.872609
2018,11,16,25674760,LGA,0,40.777243,-73.872609
2018,11,21,25772655,ONT,0,34.056,-117.601194
2018,11,21,25772693,ONT,0,34.056,-117.601194
2018,11,24,25819936,LCH,0,30.126098,-93.223404
2018,11,25,25823688,BTR,0,30.533161,-91.149634
2018,11,25,25824067,LGA,0,40.777243,-73.872609
2018,11,25,25824069,LGA,0,40.777243,-73.872609
2018,11,25,25827651,HOU,0,29.645419,-95.278889
2018,11,25,25827659,HOU,0,29.645419,-95.278889
2018,11,25,25827660,HOU,0,29.645419,-95.278889
2018,11,25,25827664,HOU,0,29.645419,-95.278889
2018,11,25,25827733,ICT,0,37.649959,-97.433046
2018,11,25,25828134,LGA,1514,40.777243,-73.872609
2018,11,25,25828135,LGA,0,40.777243,-73.872609
2018,11,25,25828268,LGA,0,40.777243,-73.872609
2018,11,25,25828405,LGA,0,40.777243,-73.872609
2018,11,25,25828944,AZA,0,33.3078,-111.655
2018,11,25,25829185,ALB,0,42.748119,-73.802979
2018,11,25,25829351,LGA,0,40.777243,-73.872609
2018,11,25,25829658,LGA,0,40.777243,-73.872609
2018,11,25,25829686,LGA,0,40.777243,-73.872609
2018,11,25,25829815,MSN,0,43.139858,-89.337514
2018,11,25,25829957,LGA,0,40.777243,-73.872609
2018,11,25,25830347,LGA,0,40.777243,-73.872609
2018,11,25,25830961,PNS,0,30.473306,-87.187444
2018,11,25,25830967,ALB,0,42.748119,-73.802979
2018,11,25,25832610,LGA,0,40.777243,-73.872609
2018,11,25,25836838,LGA,0,40.777243,-73.872609
2018,11,25,25836884,LGA,0,40.777243,-73.872609
2018,11,25,25836887,LGA,0,40.777243,-73.872609
2018,11,25,25836983,LGA,0,40.777243,-73.872609
2018,11,25,25837005,LGA,0,40.777243,-73.872609
2018,11,25,25837030,LGA,0,40.777243,-73.872609
2018,11,25,25838230,LGA,0,40.777243,-73.872609
2018,11,25,25839253,LGA,0,40.777243,-73.872609
2018,11,25,25839576,ICT,0,37.649959,-97.433046
2018,11,25,25839917,ICT,0,37.649959,-97.433046
2018,11,25,25840218,AZA,0,33.3078,-111.655
2018,11,25,25840556,ICT,0,37.649959,-97.433046
2018,11,25,25840898,LGA,0,40.777243,-73.872609
2018,11,25,25840936,LGA,0,40.777243,-73.872609
2018,11,25,25841290,LGA,0,40.777243,-73.872609
2018,11,25,25841880,CGI,0,37.225317,-89.570752
2018,11,26,25844068,LGA,0,40.777243,-73.872609
2018,11,26,25844077,LGA,0,40.777243,-73.872609
2018,11,26,25844204,LGA,0,40.777243,-73.872609
2018,11,26,25844205,LGA,0,40.777243,-73.872609
2018,11,26,25844224,LGA,0,40.777243,-73.872609
2018,11,26,25844230,LGA,0,40.777243,-73.872609
2018,11,26,25844240,LGA,0,40.777243,-73.872609
2018,11,26,25846852,LGA,2131,40.777243,-73.872609
2018,11,26,25848401,LGA,0,40.777243,-73.872609
2018,11,26,25849595,ICT,0,37.649959,-97.433046
2018,11,26,25850116,ATW,0,44.257408,-88.519476
2018,11,26,25850208,ICT,0,37.649959,-97.433046
2018,11,26,25850209,ICT,0,37.649959,-97.433046
2018,11,26,25850211,ICT,0,37.649959,-97.433046
2018,11,26,25850579,LGA,0,40.777243,-73.872609
2018,11,26,25850601,LGA,0,40.777243,-73.872609
2018,11,26,25850611,LGA,0,40.777243,-73.872609
2018,11,26,25850651,LGA,0,40.777243,-73.872609
2018,11,26,25850664,LGA,0,40.777243,-73.872609
2018,11,26,25850742,LGA,0,40.777243,-73.872609
2018,11,26,25850814,LGA,0,40.777243,-73.872609
2018,11,26,25850832,LGA,618,40.777243,-73.872609
2018,11,26,25850891,LGA,0,40.777243,-73.872609
2018,11,26,25850892,LGA,0,40.777243,-73.872609
2018,11,26,25850900,LGA,0,40.777243,-73.872609
2018,11,26,25850903,LGA,0,40.777243,-73.872609
2018,11,26,25850992,LGA,0,40.777243,-73.872609
2018,11,26,25851394,PBG,0,44.65,-73.4689
2018,11,26,25851432,CGI,0,37.225317,-89.570752
2018,11,26,25851440,CGI,0,37.225317,-89.570752
2018,11,26,25851500,ALB,0,42.748119,-73.802979
2018,11,26,25851690,ICT,0,37.649959,-97.433046
2018,11,26,25853169,LGA,0,40.777243,-73.872609
2018,11,26,25853186,LGA,0,40.777243,-73.872609
2018,11,26,25853802,ALB,0,42.748119,-73.802979
2018,11,26,25857942,LGA,0,40.777243,-73.872609
2018,11,26,25858885,ALB,0,42.748119,-73.802979
2018,11,26,25859309,LGA,0,40.777243,-73.872609
2018,11,26,25859414,MSN,0,43.139858,-89.337514
2018,11,26,25859468,LGA,0,40.777243,-73.872609
2018,11,26,25859865,LGA,0,40.777243,-73.872609
2018,11,26,25859922,LGA,0,40.777243,-73.872609
2018,11,26,25859999,LGA,0,40.777243,-73.872609
2018,11,26,25860531,LCH,0,30.126098,-93.223404
2018,11,26,25860666,ALB,0,42.748119,-73.802979
2018,11,26,25862440,LIT,0,34.729396,-92.224246
2018,11,26,25862580,LGA,0,40.777243,-73.872609
2018,11,27,25881921,LGA,0,40.777243,-73.872609
2018,11,27,25882801,ATW,0,44.257408,-88.519476
2018,11,27,25883536,LGA,0,40.777243,-73.872609
2018,11,28,25896151,LGA,0,40.777243,-73.872609
2018,11,28,25897601,DVL,0,48.114245,-98.908778
2018,11,28,25901381,LGA,0,40.777243,-73.872609
2018,11,28,25901395,LGA,0,40.777243,-73.872609
2018,11,29,25915967,DVL,0,48.114245,-98.908778
2018,11,29,25916235,ONT,0,34.056,-117.601194
2018,11,29,25916281,RDM,0,44.254067,-121.149963
2018,11,29,25921379,MRY,0,36.586983,-121.842948
2018,11,30,25930800,ICT,0,37.649959,-97.433046
2018,11,30,25930845,GTF,0,47.482002,-111.370685
2018,12,1,25944384,LGA,0,40.777243,-73.872609
2018,12,1,25946217,DVL,0,48.114245,-98.908778
2018,12,1,25946372,MRY,859,36.586983,-121.842948
2018,12,1,25947413,LIT,0,34.729396,-92.224246
2018,12,1,25953233,ICT,0,37.649959,-97.433046
2018,12,2,25977251,LGA,0,40.777243,-73.872609
2018,12,2,25978605,MQT,0,46.353639,-87.395361
2018,12,3,25979127,LGA,624,40.777243,-73.872609
2018,12,3,25979243,ALB,0,42.748119,-73.802979
2018,12,3,25979757,ALB,0,42.748119,-73.802979
2018,12,3,25983132,ALB,0,42.748119,-73.802979
2018,12,5,26022924,ONT,0,34.056,-117.601194
2018,12,6,26050803,ALB,0,42.748119,-73.802979
2018,12,8,26078003,PNS,0,30.473306,-87.187444
2018,12,8,26078007,BTR,0,30.533161,-91.149634
2018,12,8,26078022,LIT,0,34.729396,-92.224246
2018,12,8,26078024,MSN,0,43.139858,-89.337514
2018,12,8,26078107,MHT,0,42.934516,-71.437056
2018,12,8,26079132,HOU,0,29.645419,-95.278889
2018,12,8,26079960,HOU,0,29.645419,-95.278889
2018,12,9,26096212,LGA,0,40.777243,-73.872609
2018,12,9,26096407,LGA,1430,40.777243,-73.872609
2018,12,9,26096466,LGA,0,40.777243,-73.872609
2018,12,9,26097010,MSN,0,43.139858,-89.337514
2018,12,9,26097019,MHT,0,42.934516,-71.437056
2018,12,9,26097057,TLH,0,30.396528,-84.350333
2018,12,9,26097080,LIT,0,34.729396,-92.224246
2018,12,9,26098310,HOU,0,29.645419,-95.278889
2018,12,9,26098331,HOU,0,29.645419,-95.278889
2018,12,9,26098426,HOU,0,29.645419,-95.278889
2018,12,9,26098813,LGA,0,40.777243,-73.872609
2018,12,9,26100177,LGA,0,40.777243,-73.872609
2018,12,9,26100195,EYW,0,24.556111,-81.759556
2018,12,9,26100212,EYW,0,24.556111,-81.759556
2018,12,9,26100217,LGA,0,40.777243,-73.872609
2018,12,9,26100227,TLH,0,30.396528,-84.350333
2018,12,9,26100306,LGA,0,40.777243,-73.872609
2018,12,9,26100349,LGA,0,40.777243,-73.872609
2018,12,9,26100393,LGA,0,40.777243,-73.872609
2018,12,9,26101939,LGA,0,40.777243,-73.872609
2018,12,9,26106941,TLH,0,30.396528,-84.350333
2018,12,9,26106962,PNS,0,30.473306,-87.187444
2018,12,9,26107022,PNS,0,30.473306,-87.187444
2018,12,9,26107048,BTR,0,30.533161,-91.149634
2018,12,9,26107088,LIT,0,34.729396,-92.224246
2018,12,9,26107124,PNS,0,30.473306,-87.187444
2018,12,9,26107132,BTR,0,30.533161,-91.149634
2018,12,9,26107152,MSN,0,43.139858,-89.337514
2018,12,9,26107242,TLH,0,30.396528,-84.350333
2018,12,9,26107251,LIT,0,34.729396,-92.224246
2018,12,9,26107255,MHT,0,42.934516,-71.437056
2018,12,9,26107452,LGA,0,40.777243,-73.872609
2018,12,9,26107603,PNS,0,30.473306,-87.187444
2018,12,9,26107635,LGA,0,40.777243,-73.872609
2018,12,9,26108360,BTR,0,30.533161,-91.149634
2018,12,9,26108908,LGA,0,40.777243,-73.872609
2018,12,9,26108931,LGA,0,40.777243,-73.872609
2018,12,9,26109019,LGA,0,40.777243,-73.872609
2018,12,9,26109035,LGA,0,40.777243,-73.872609
2018,12,9,26109040,LGA,0,40.777243,-73.872609
2018,12,9,26111825,LGA,0,40.777243,-73.872609
2018,12,9,26111923,LGA,0,40.777243,-73.872609
2018,12,9,26112045,LGA,0,40.777243,-73.872609
2018,12,9,26112121,LGA,0,40.777243,-73.872609
2018,12,10,26112183,ILM,0,34.270611,-77.902556
2018,12,10,26112203,PNS,0,30.473306,-87.187444
2018,12,10,26112245,TLH,0,30.396528,-84.350333
2018,12,10,26112324,GSP,0,34.895667,-82.218858
2018,12,10,26112334,PNS,0,30.473306,-87.187444
2018,12,10,26112343,GSP,0,34.895667,-82.218858
2018,12,10,26112363,BTR,0,30.533161,-91.149634
2018,12,10,26112368,OAJ,0,34.829164,-77.612138
2018,12,10,26112400,LIT,0,34.729396,-92.224246
2018,12,10,26112435,MHT,0,42.934516,-71.437056
2018,12,10,26112446,GSP,0,34.895667,-82.218858
2018,12,10,26112488,SAV,0,32.127583,-81.202139
2018,12,10,26112530,SAV,0,32.127583,-81.202139
2018,12,10,26112540,TLH,0,30.396528,-84.350333
2018,12,10,26117110,GSP,0,34.895667,-82.218858
2018,12,10,26117213,HOU,0,29.645419,-95.278889
2018,12,10,26117673,LGA,0,40.777243,-73.872609
2018,12,10,26121562,GSP,0,34.895667,-82.218858
2018,12,10,26126060,GSP,0,34.895667,-82.218858
2018,12,10,26131033,GSP,0,34.895667,-82.218858
2018,12,10,26131064,GSP,0,34.895667,-82.218858
2018,12,10,26131147,OAJ,0,34.829164,-77.612138
2018,12,10,26131198,GSP,0,34.895667,-82.218858
2018,12,10,26131212,ILM,0,34.270611,-77.902556
2018,12,10,26131245,MSN,0,43.139858,-89.337514
2018,12,10,26131298,SAV,0,32.127583,-81.202139
2018,12,10,26131308,LIT,0,34.729396,-92.224246
2018,12,10,26131436,GSP,0,34.895667,-82.218858
2018,12,10,26131929,LGA,0,40.777243,-73.872609
2018,12,10,26131961,LGA,0,40.777243,-73.872609
2018,12,10,26131965,LGA,0,40.777243,-73.872609
2018,12,10,26132069,LGA,0,40.777243,-73.872609
2018,12,10,26132123,LGA,0,40.777243,-73.872609
2018,12,11,26147360,RDM,0,44.254067,-121.149963
2018,12,12,26158662,CGI,0,37.225317,-89.570752
2018,12,12,26158678,DVL,0,48.114245,-98.908778
2018,12,13,26173499,ATW,0,44.257408,-88.519476
2018,12,13,26174766,DVL,0,48.114245,-98.908778
2018,12,14,26191123,BTR,0,30.533161,-91.149634
2018,12,14,26205853,HOU,0,29.645419,-95.278889
2018,12,14,26208276,BTR,0,30.533161,-91.149634
2018,12,14,26210566,ONT,0,34.056,-117.601194
2018,12,14,26210898,RDM,0,44.254067,-121.149963
2018,12,14,26211057,RDM,0,44.254067,-121.149963
2018,12,14,26211103,MSN,0,43.139858,-89.337514
2018,12,16,26227576,ALB,0,42.748119,-73.802979
2018,12,16,26234052,ONT,0,34.056,-117.601194
2018,12,16,26242159,LGA,0,40.777243,-73.872609
2018,12,17,26247770,LGA,0,40.777243,-73.872609
2018,12,18,26273250,LGA,0,40.777243,-73.872609
2018,12,18,26284581,CRP,0,27.770361,-97.501215
